<?xml version='1.0' encoding='utf-8'?>
<Server port="8005" shutdown="SHUTDOWN">
  <Listener className="org.apache.catalina.core.JasperListener" />
  <Listener className="org.apache.catalina.core.JreMemoryLeakPreventionListener" />
  <Listener className="org.apache.catalina.mbeans.GlobalResourcesLifecycleListener" />
  <Listener className="org.apache.catalina.core.ThreadLocalLeakPreventionListener" />
  <GlobalNamingResources>
    <Resource name="UserDatabase" auth="Container"
              type="org.apache.catalina.UserDatabase"
              description="User database that can be updated and saved"
              factory="org.apache.catalina.users.MemoryUserDatabaseFactory"
              pathname="conf/tomcat-users.xml" />
  </GlobalNamingResources>
  <Service name="Catalina">
    <Connector port="8080" protocol="HTTP/1.1"  address="127.0.0.1" SSLEnabled="false" 
               connectionTimeout="60000"   maxThreads="200" 
               URIEncoding="UTF-8"
                 compression="on" proxyPort="8090"  proxyName="@SERVER@.spatialtranscriptomics.com"
                compressableMimeType="application/json,text/json"       
secure="true" clientAuth="false"
               />
    <Engine name="Catalina" defaultHost="localhost">
      <Realm className="org.apache.catalina.realm.LockOutRealm">
        <Realm className="org.apache.catalina.realm.UserDatabaseRealm"
               resourceName="UserDatabase"/>
      </Realm>
      <Host name="localhost"  appBase="webapps"
            unpackWARs="true" autoDeploy="true">
        <Valve className="org.apache.catalina.valves.AccessLogValve" directory="logs"
               prefix="localhost_access_log." suffix=".txt"
               pattern="%h %l %u %t &quot;%r&quot; %s %b" />
      <!-- Mark HTTP as HTTPS forward from SSL termination at nginx proxy -->
      <Valve className="org.apache.catalina.valves.RemoteIpValve"
        remoteIpHeader="x-forwarded-for"
        remoteIpProxiesHeader="x-forwarded-by"
        protocolHeader="x-forwarded-proto"
        />
      </Host>
    </Engine>
  </Service>
</Server>
